{
  "eval/brier": 1.436556403037157,
  "eval/format_valid_rate": 0.5789473684210527,
  "eval/log_loss": 7.370433780409754,
  "eval/target_prob": 0.25241110572832687,
  "eval/top1_accuracy": 0.2631578947368421,
  "eval/top3_recall": 0.5
}