{
  "eval/brier": 0.7787153334714537,
  "eval/format_valid_rate": 1.0,
  "eval/log_loss": 2.068576629557383,
  "eval/target_prob": 0.21451865307326642,
  "eval/top1_accuracy": 0.34210526315789475,
  "eval/top3_recall": 0.6052631578947368
}