{
  "eval/brier": 0.6122297430529422,
  "eval/format_valid_rate": 1.0,
  "eval/log_loss": 1.0194266251063038,
  "eval/target_prob": 0.38274649735005506,
  "eval/top1_accuracy": 0.5,
  "eval/top3_recall": 1.0
}