{
  "eval/brier": 0.8379210526315791,
  "eval/format_valid_rate": 1.0,
  "eval/log_loss": 6.307536800554636,
  "eval/target_prob": 0.27763157894736845,
  "eval/top1_accuracy": 0.34210526315789475,
  "eval/top3_recall": 0.5789473684210527
}