{
  "eval/brier": 0.7306118201372699,
  "eval/format_valid_rate": 1.0,
  "eval/log_loss": 2.1876680538440625,
  "eval/target_prob": 0.2792441043260972,
  "eval/top1_accuracy": 0.4473684210526316,
  "eval/top3_recall": 0.6842105263157895
}