{
  "eval/brier": 0.797120967946741,
  "eval/format_valid_rate": 1.0,
  "eval/log_loss": 2.2221871065411967,
  "eval/target_prob": 0.2432599618537038,
  "eval/top1_accuracy": 0.34210526315789475,
  "eval/top3_recall": 0.6578947368421053
}