{
  "eval/brier": 0.7251066268431332,
  "eval/format_valid_rate": 1.0,
  "eval/log_loss": 1.9765159163339372,
  "eval/target_prob": 0.2753062872656667,
  "eval/top1_accuracy": 0.4473684210526316,
  "eval/top3_recall": 0.7368421052631579
}