{
  "eval/brier": 0.6573267285927236,
  "eval/format_valid_rate": 1.0,
  "eval/log_loss": 1.226435359812652,
  "eval/target_prob": 0.3607849304536241,
  "eval/top1_accuracy": 0.5263157894736842,
  "eval/top3_recall": 0.8596491228070176
}