{
  "eval/brier": 0.685515852296413,
  "eval/format_valid_rate": 1.0,
  "eval/log_loss": 1.2801101281960114,
  "eval/target_prob": 0.31762423988257504,
  "eval/top1_accuracy": 0.47368421052631576,
  "eval/top3_recall": 0.8421052631578947
}