{
  "eval/brier": 0.6132895551365517,
  "eval/format_valid_rate": 1.0,
  "eval/log_loss": 1.1565897154926268,
  "eval/target_prob": 0.36218284755713986,
  "eval/top1_accuracy": 0.5087719298245614,
  "eval/top3_recall": 0.8947368421052632
}