{
  "eval/brier": 0.5967568183963663,
  "eval/format_valid_rate": 1.0,
  "eval/log_loss": 1.1167027069547464,
  "eval/target_prob": 0.38035576990284475,
  "eval/top1_accuracy": 0.5789473684210527,
  "eval/top3_recall": 0.9298245614035088
}