{
  "eval/brier": 0.5920006750440685,
  "eval/format_valid_rate": 1.0,
  "eval/log_loss": 1.1085365735907637,
  "eval/target_prob": 0.3675356079994256,
  "eval/top1_accuracy": 0.5614035087719298,
  "eval/top3_recall": 0.9473684210526315
}