{
  "eval/brier": 0.6614000418261252,
  "eval/format_valid_rate": 1.0,
  "eval/log_loss": 1.218750142466162,
  "eval/target_prob": 0.3506500314531348,
  "eval/top1_accuracy": 0.47368421052631576,
  "eval/top3_recall": 0.8771929824561403
}