{
  "eval/log_loss": 1.2157580934748395,
  "eval/brier": 0.6575150436208614,
  "eval/top1_accuracy": 0.4473684210526316,
  "eval/top3_recall": 0.9210526315789473,
  "n_examples": 38,
  "model": "deepseek-ai/DeepSeek-V3.1",
  "max_candidates": 3
}