{
  "eval/brier": 0.655114984251155,
  "eval/format_valid_rate": 1.0,
  "eval/log_loss": 1.2127942670657088,
  "eval/target_prob": 0.3592122737121689,
  "eval/top1_accuracy": 0.5087719298245614,
  "eval/top3_recall": 0.8771929824561403
}