{
  "eval/brier": 0.7840994901646525,
  "eval/format_valid_rate": 1.0,
  "eval/log_loss": 2.154470150487743,
  "eval/target_prob": 0.21977072979340068,
  "eval/top1_accuracy": 0.34210526315789475,
  "eval/top3_recall": 0.7368421052631579
}