{
  "eval/brier": 0.5931819656440986,
  "eval/format_valid_rate": 1.0,
  "eval/log_loss": 1.1306995375212374,
  "eval/target_prob": 0.3821031662822395,
  "eval/top1_accuracy": 0.5614035087719298,
  "eval/top3_recall": 0.9122807017543859
}