{
  "eval/brier": 0.5911987447294401,
  "eval/format_valid_rate": 1.0,
  "eval/log_loss": 1.1012549037711072,
  "eval/target_prob": 0.3674228103382916,
  "eval/top1_accuracy": 0.5614035087719298,
  "eval/top3_recall": 0.9298245614035088
}