{
  "eval/brier": 0.661952107694197,
  "eval/format_valid_rate": 1.0,
  "eval/log_loss": 1.2308286714191874,
  "eval/target_prob": 0.3385929964353114,
  "eval/top1_accuracy": 0.47368421052631576,
  "eval/top3_recall": 0.868421052631579
}