{
  "eval/brier": 0.6606426046704356,
  "eval/format_valid_rate": 1.0,
  "eval/log_loss": 1.2261799035873608,
  "eval/target_prob": 0.3351855734954918,
  "eval/top1_accuracy": 0.4473684210526316,
  "eval/top3_recall": 0.8947368421052632
}