{
  "eval/brier": 0.7136843062166917,
  "eval/format_valid_rate": 1.0,
  "eval/log_loss": 1.4916848855878764,
  "eval/target_prob": 0.28507899968609396,
  "eval/top1_accuracy": 0.42105263157894735,
  "eval/top3_recall": 0.7719298245614035
}