{
  "eval/brier": 0.6816024850065038,
  "eval/format_valid_rate": 0.9736842105263158,
  "eval/log_loss": 1.5460099798780254,
  "eval/target_prob": 0.33961522331725724,
  "eval/top1_accuracy": 0.4473684210526316,
  "eval/top3_recall": 0.8421052631578947
}