{
  "eval/brier": 0.7742239190035127,
  "eval/format_valid_rate": 1.0,
  "eval/log_loss": 1.9369526089047238,
  "eval/target_prob": 0.25685876412098496,
  "eval/top1_accuracy": 0.34210526315789475,
  "eval/top3_recall": 0.7105263157894737
}