{
  "eval/brier": 0.6775199474695054,
  "eval/format_valid_rate": 1.0,
  "eval/log_loss": 1.252363153750342,
  "eval/target_prob": 0.310023065632208,
  "eval/top1_accuracy": 0.4473684210526316,
  "eval/top3_recall": 0.9210526315789473
}