{
  "eval/brier": 0.6815017138407995,
  "eval/format_valid_rate": 1.0,
  "eval/log_loss": 1.2607780282599974,
  "eval/target_prob": 0.3115957223736633,
  "eval/top1_accuracy": 0.47368421052631576,
  "eval/top3_recall": 0.8421052631578947
}