{
  "eval/brier": 0.6492142146448804,
  "eval/format_valid_rate": 1.0,
  "eval/log_loss": 1.2092882455482101,
  "eval/target_prob": 0.34095198154749423,
  "eval/top1_accuracy": 0.42105263157894735,
  "eval/top3_recall": 0.868421052631579
}