{
  "eval/brier": 0.6155362822144009,
  "eval/format_valid_rate": 1.0,
  "eval/log_loss": 1.1628869478509007,
  "eval/target_prob": 0.36384287411756483,
  "eval/top1_accuracy": 0.543859649122807,
  "eval/top3_recall": 0.9298245614035088
}