{
  "eval/brier": 0.5899663386016986,
  "eval/format_valid_rate": 1.0,
  "eval/log_loss": 1.1215940899225592,
  "eval/target_prob": 0.378957852799329,
  "eval/top1_accuracy": 0.5964912280701754,
  "eval/top3_recall": 0.9122807017543859
}