{
  "eval/brier": 0.7670646810246348,
  "eval/format_valid_rate": 1.0,
  "eval/log_loss": 1.9228760236316167,
  "eval/target_prob": 0.2105800691267143,
  "eval/top1_accuracy": 0.34210526315789475,
  "eval/top3_recall": 0.7105263157894737
}