{
  "eval/brier": 0.6274580854606319,
  "eval/format_valid_rate": 1.0,
  "eval/log_loss": 1.168210635905006,
  "eval/target_prob": 0.3663765988676871,
  "eval/top1_accuracy": 0.5263157894736842,
  "eval/top3_recall": 0.8947368421052632
}