{
  "eval/brier": 0.6474995384367332,
  "eval/format_valid_rate": 1.0,
  "eval/log_loss": 1.1962949550190312,
  "eval/target_prob": 0.36742503669532395,
  "eval/top1_accuracy": 0.5263157894736842,
  "eval/top3_recall": 0.8771929824561403
}