{
  "eval/brier": 0.6663599324655667,
  "eval/format_valid_rate": 1.0,
  "eval/log_loss": 1.2257240586157256,
  "eval/target_prob": 0.3273222897882155,
  "eval/top1_accuracy": 0.5,
  "eval/top3_recall": 0.868421052631579
}