{
  "eval/brier": 0.6592544340009082,
  "eval/format_valid_rate": 1.0,
  "eval/log_loss": 1.2145449562219848,
  "eval/target_prob": 0.35169846928077164,
  "eval/top1_accuracy": 0.47368421052631576,
  "eval/top3_recall": 0.8947368421052632
}