{
  "eval/brier": 0.6709985388703104,
  "eval/format_valid_rate": 1.0,
  "eval/log_loss": 1.2385512519828437,
  "eval/target_prob": 0.31526525477039213,
  "eval/top1_accuracy": 0.47368421052631576,
  "eval/top3_recall": 0.9210526315789473
}