{
  "eval/brier": 0.695656256090302,
  "eval/format_valid_rate": 1.0,
  "eval/log_loss": 1.2936648456306141,
  "eval/target_prob": 0.3087477464982817,
  "eval/top1_accuracy": 0.42105263157894735,
  "eval/top3_recall": 0.868421052631579
}