{
  "eval/brier": 0.742816959294681,
  "eval/format_valid_rate": 1.0,
  "eval/log_loss": 1.4310567759135793,
  "eval/target_prob": 0.3044355496251657,
  "eval/top1_accuracy": 0.34210526315789475,
  "eval/top3_recall": 0.7894736842105263
}