{
  "eval/brier": 0.6441923645322255,
  "eval/format_valid_rate": 1.0,
  "eval/log_loss": 1.1882627434368087,
  "eval/target_prob": 0.3283707276158524,
  "eval/top1_accuracy": 0.5,
  "eval/top3_recall": 0.9210526315789473
}