{
  "eval/brier": 0.6579289189784512,
  "eval/format_valid_rate": 1.0,
  "eval/log_loss": 1.2179444860068749,
  "eval/target_prob": 0.35641643950513735,
  "eval/top1_accuracy": 0.49122807017543857,
  "eval/top3_recall": 0.8771929824561403
}