{
  "eval/brier": 0.6553301019727619,
  "eval/format_valid_rate": 1.0,
  "eval/log_loss": 1.2145536444329386,
  "eval/target_prob": 0.3195463758999091,
  "eval/top1_accuracy": 0.5263157894736842,
  "eval/top3_recall": 0.9122807017543859
}