{
  "eval/brier": 0.6581092280072414,
  "eval/format_valid_rate": 1.0,
  "eval/log_loss": 1.2214110300491796,
  "eval/target_prob": 0.33597190186621934,
  "eval/top1_accuracy": 0.4473684210526316,
  "eval/top3_recall": 0.8947368421052632
}