{
  "eval/brier": 0.6495985026135759,
  "eval/format_valid_rate": 1.0,
  "eval/log_loss": 1.207652437614768,
  "eval/target_prob": 0.3412140910044035,
  "eval/top1_accuracy": 0.47368421052631576,
  "eval/top3_recall": 0.868421052631579
}