{
  "eval/brier": 0.7670251782305298,
  "eval/format_valid_rate": 1.0,
  "eval/log_loss": 2.065141962371726,
  "eval/target_prob": 0.21617806693103772,
  "eval/top1_accuracy": 0.34210526315789475,
  "eval/top3_recall": 0.631578947368421
}