{
  "eval/brier": 0.7434164838386126,
  "eval/format_valid_rate": 1.0,
  "eval/log_loss": 3.610836991898002,
  "eval/target_prob": 0.24739044581149838,
  "eval/top1_accuracy": 0.4473684210526316,
  "eval/top3_recall": 0.7105263157894737
}