{
  "eval/brier": 0.6863408183161672,
  "eval/format_valid_rate": 1.0,
  "eval/log_loss": 1.2781451594488729,
  "eval/target_prob": 0.31762423988257504,
  "eval/top1_accuracy": 0.4473684210526316,
  "eval/top3_recall": 0.8421052631578947
}