{
  "eval/brier": 0.7530749543428829,
  "eval/format_valid_rate": 1.0,
  "eval/log_loss": 2.763459805176192,
  "eval/target_prob": 0.21193750693397617,
  "eval/top1_accuracy": 0.34210526315789475,
  "eval/top3_recall": 0.631578947368421
}