{
  "eval/brier": 0.6708923723572195,
  "eval/format_valid_rate": 1.0,
  "eval/log_loss": 1.2430499744533328,
  "eval/target_prob": 0.31482840567554343,
  "eval/top1_accuracy": 0.5087719298245614,
  "eval/top3_recall": 0.8947368421052632
}