{
  "eval/brier": 0.7005072465764286,
  "eval/format_valid_rate": 1.0,
  "eval/log_loss": 2.201816111983811,
  "eval/target_prob": 0.2556580245421038,
  "eval/top1_accuracy": 0.4473684210526316,
  "eval/top3_recall": 0.7368421052631579
}