{
  "eval/brier": 0.7731545481889249,
  "eval/format_valid_rate": 1.0,
  "eval/log_loss": 1.8575578496671623,
  "eval/target_prob": 0.22259684237066166,
  "eval/top1_accuracy": 0.34210526315789475,
  "eval/top3_recall": 0.631578947368421
}