{
  "eval/brier": 0.5619000688023561,
  "eval/format_valid_rate": 1.0,
  "eval/log_loss": 0.9507039669880533,
  "eval/target_prob": 0.4475520806003043,
  "eval/top1_accuracy": 0.6140350877192983,
  "eval/top3_recall": 1.0
}