{
  "eval/brier": 0.6717144861042867,
  "eval/format_valid_rate": 1.0,
  "eval/log_loss": 1.2529191213243858,
  "eval/target_prob": 0.3350138874759776,
  "eval/top1_accuracy": 0.4473684210526316,
  "eval/top3_recall": 0.8947368421052632
}