{
  "eval/brier": 0.6653988644568996,
  "eval/format_valid_rate": 1.0,
  "eval/log_loss": 1.2390781471772698,
  "eval/target_prob": 0.3520479485566506,
  "eval/top1_accuracy": 0.47368421052631576,
  "eval/top3_recall": 0.8596491228070176
}