{
  "eval/brier": 0.6448408504793993,
  "eval/format_valid_rate": 1.0,
  "eval/log_loss": 1.2178639578421473,
  "eval/target_prob": 0.35772698678968345,
  "eval/top1_accuracy": 0.42105263157894735,
  "eval/top3_recall": 0.9210526315789473
}