{
  "eval/brier": 0.5983475756580863,
  "eval/format_valid_rate": 1.0,
  "eval/log_loss": 1.1256988938064099,
  "eval/target_prob": 0.373366184385266,
  "eval/top1_accuracy": 0.5263157894736842,
  "eval/top3_recall": 0.9122807017543859
}