{
  "eval/brier": 0.6671483493578633,
  "eval/format_valid_rate": 1.0,
  "eval/log_loss": 1.2357660332053617,
  "eval/target_prob": 0.3194590060809394,
  "eval/top1_accuracy": 0.47368421052631576,
  "eval/top3_recall": 0.8947368421052632
}