{
  "eval/brier": 0.7479953639993856,
  "eval/format_valid_rate": 1.0,
  "eval/log_loss": 1.7645758954155581,
  "eval/target_prob": 0.22742835045641166,
  "eval/top1_accuracy": 0.34210526315789475,
  "eval/top3_recall": 0.6842105263157895
}