{
  "eval/brier": 0.6696775489779194,
  "eval/format_valid_rate": 1.0,
  "eval/log_loss": 1.2383903694657727,
  "eval/target_prob": 0.3165758020549381,
  "eval/top1_accuracy": 0.47368421052631576,
  "eval/top3_recall": 0.8947368421052632
}