{
  "eval/log_loss": 1.1728251417190148,
  "eval/brier": 0.6369869651191835,
  "eval/top1_accuracy": 0.47368421052631576,
  "eval/top3_recall": 0.9473684210526315
}