{
  "eval/brier": 0.6723397729572932,
  "eval/format_valid_rate": 1.0,
  "eval/log_loss": 1.25413886766667,
  "eval/target_prob": 0.3226581140215605,
  "eval/top1_accuracy": 0.4473684210526316,
  "eval/top3_recall": 0.8421052631578947
}