{
  "eval/brier": 0.6634690705271455,
  "eval/format_valid_rate": 1.0,
  "eval/log_loss": 1.2361613281412422,
  "eval/target_prob": 0.34785419724610334,
  "eval/top1_accuracy": 0.43859649122807015,
  "eval/top3_recall": 0.8596491228070176
}