{
  "eval/brier": 0.6325213980193003,
  "eval/format_valid_rate": 1.0,
  "eval/log_loss": 1.1941900423053233,
  "eval/target_prob": 0.34971639023862705,
  "eval/top1_accuracy": 0.49122807017543857,
  "eval/top3_recall": 0.9122807017543859
}