{
  "eval/brier": 0.599961306657065,
  "eval/format_valid_rate": 1.0,
  "eval/log_loss": 1.1246393015781264,
  "eval/target_prob": 0.3709198294541134,
  "eval/top1_accuracy": 0.49122807017543857,
  "eval/top3_recall": 0.9298245614035088
}