{
  "eval/brier": 0.7899944760220938,
  "eval/format_valid_rate": 1.0,
  "eval/log_loss": 2.0927345677502234,
  "eval/target_prob": 0.21361925872467652,
  "eval/top1_accuracy": 0.34210526315789475,
  "eval/top3_recall": 0.6052631578947368
}