{
  "eval/brier": 0.5994081263916793,
  "eval/format_valid_rate": 1.0,
  "eval/log_loss": 0.9801860037330146,
  "eval/target_prob": 0.48376705108522533,
  "eval/top1_accuracy": 0.5263157894736842,
  "eval/top3_recall": 1.0
}