{
  "eval/brier": 0.592027013216443,
  "eval/format_valid_rate": 1.0,
  "eval/log_loss": 1.113501216537685,
  "eval/target_prob": 0.38594743831690775,
  "eval/top1_accuracy": 0.5789473684210527,
  "eval/top3_recall": 0.9298245614035088
}