{
  "eval/brier": 0.6001346539472919,
  "eval/format_valid_rate": 1.0,
  "eval/log_loss": 1.127722633974723,
  "eval/target_prob": 0.37406514293702386,
  "eval/top1_accuracy": 0.5263157894736842,
  "eval/top3_recall": 0.9298245614035088
}