{
  "eval/brier": 0.6797191606816602,
  "eval/format_valid_rate": 1.0,
  "eval/log_loss": 1.2612202719940153,
  "eval/target_prob": 0.3171000209687566,
  "eval/top1_accuracy": 0.39473684210526316,
  "eval/top3_recall": 0.868421052631579
}