{
  "eval/brier": 0.6429653581104394,
  "eval/format_valid_rate": 1.0,
  "eval/log_loss": 1.1842391290464234,
  "eval/target_prob": 0.37249248619556863,
  "eval/top1_accuracy": 0.5263157894736842,
  "eval/top3_recall": 0.8771929824561403
}