{
  "eval/brier": 0.6213159175696737,
  "eval/format_valid_rate": 1.0,
  "eval/log_loss": 1.1759133792205672,
  "eval/target_prob": 0.35842594534144123,
  "eval/top1_accuracy": 0.543859649122807,
  "eval/top3_recall": 0.9122807017543859
}