{
  "eval/brier": 0.5836666613757454,
  "eval/format_valid_rate": 1.0,
  "eval/log_loss": 1.1057019963026016,
  "eval/target_prob": 0.3819284266443,
  "eval/top1_accuracy": 0.543859649122807,
  "eval/top3_recall": 0.9122807017543859
}