{
  "eval/brier": 0.5964247654666219,
  "eval/format_valid_rate": 1.0,
  "eval/log_loss": 1.1110451842147104,
  "eval/target_prob": 0.3697182063001492,
  "eval/top1_accuracy": 0.5964912280701754,
  "eval/top3_recall": 0.9298245614035088
}