{
  "eval/brier": 0.6895289464912421,
  "eval/format_valid_rate": 1.0,
  "eval/log_loss": 1.2845213413747423,
  "eval/target_prob": 0.3139547074858461,
  "eval/top1_accuracy": 0.42105263157894735,
  "eval/top3_recall": 0.8421052631578947
}