{
  "eval/log_loss": 1.2354593297486074,
  "eval/brier": 0.6646943365142908,
  "eval/top1_accuracy": 0.42105263157894735,
  "eval/top3_recall": 0.868421052631579
}