{
  "eval/brier": 0.6271458514860666,
  "eval/format_valid_rate": 1.0,
  "eval/log_loss": 1.161350246550504,
  "eval/target_prob": 0.3669008177815055,
  "eval/top1_accuracy": 0.5,
  "eval/top3_recall": 0.8947368421052632
}