{
  "eval/brier": 0.9355724512309328,
  "eval/format_valid_rate": 1.0,
  "eval/log_loss": 1.5979107888115456,
  "eval/target_prob": 0.23007968127490042,
  "eval/top1_accuracy": 0.5,
  "eval/top3_recall": 1.0
}