{
  "eval/brier": 0.7205911015667236,
  "eval/format_valid_rate": 1.0,
  "eval/log_loss": 2.478951037584047,
  "eval/target_prob": 0.20625031306715047,
  "eval/top1_accuracy": 0.34210526315789475,
  "eval/top3_recall": 0.6842105263157895
}