{
  "eval/brier": 0.702546778552292,
  "eval/format_valid_rate": 1.0,
  "eval/log_loss": 1.4784265308731153,
  "eval/target_prob": 0.2875204910885563,
  "eval/top1_accuracy": 0.45614035087719296,
  "eval/top3_recall": 0.7543859649122807
}