{
  "eval/brier": 0.6601967053154545,
  "eval/format_valid_rate": 1.0,
  "eval/log_loss": 1.2243609281993055,
  "eval/target_prob": 0.33544768295240096,
  "eval/top1_accuracy": 0.4473684210526316,
  "eval/top3_recall": 0.8947368421052632
}