{
  "eval/brier": 0.6698056449674844,
  "eval/format_valid_rate": 1.0,
  "eval/log_loss": 1.23325821942669,
  "eval/target_prob": 0.3459320612287691,
  "eval/top1_accuracy": 0.47368421052631576,
  "eval/top3_recall": 0.8947368421052632
}