{
  "eval/brier": 0.9239263157894737,
  "eval/format_valid_rate": 1.0,
  "eval/log_loss": 6.29077990334053,
  "eval/target_prob": 0.28315789473684216,
  "eval/top1_accuracy": 0.34210526315789475,
  "eval/top3_recall": 0.5789473684210527
}