{
  "eval/brier": 0.7593804511616021,
  "eval/format_valid_rate": 1.0,
  "eval/log_loss": 1.7884642016598797,
  "eval/target_prob": 0.2162814235644234,
  "eval/top1_accuracy": 0.42105263157894735,
  "eval/top3_recall": 0.7105263157894737
}