{
  "eval/brier": 0.615130238812695,
  "eval/format_valid_rate": 1.0,
  "eval/log_loss": 1.1569681058086303,
  "eval/target_prob": 0.37144404836793177,
  "eval/top1_accuracy": 0.543859649122807,
  "eval/top3_recall": 0.9298245614035088
}