{
  "eval/brier": 0.5965054996342304,
  "eval/format_valid_rate": 1.0,
  "eval/log_loss": 1.1192520656898814,
  "eval/target_prob": 0.373016705109387,
  "eval/top1_accuracy": 0.5087719298245614,
  "eval/top3_recall": 0.9298245614035088
}