{
  "eval/brier": 0.6662335769106422,
  "eval/format_valid_rate": 1.0,
  "eval/log_loss": 1.2424844899364818,
  "eval/target_prob": 0.33466135458167334,
  "eval/top1_accuracy": 0.42105263157894735,
  "eval/top3_recall": 0.8421052631578947
}