{
  "eval/brier": 0.6500033250145569,
  "eval/format_valid_rate": 1.0,
  "eval/log_loss": 1.210102301576714,
  "eval/target_prob": 0.38750130584998244,
  "eval/top1_accuracy": 0.5263157894736842,
  "eval/top3_recall": 0.8596491228070176
}