{
  "eval/brier": 0.7715603712381669,
  "eval/format_valid_rate": 1.0,
  "eval/log_loss": 4.0563354045979,
  "eval/target_prob": 0.22569611371537288,
  "eval/top1_accuracy": 0.34210526315789475,
  "eval/top3_recall": 0.631578947368421
}