{
  "eval/brier": 0.6141430642844155,
  "eval/format_valid_rate": 1.0,
  "eval/log_loss": 1.1581303180018745,
  "eval/target_prob": 0.3660271195918082,
  "eval/top1_accuracy": 0.5263157894736842,
  "eval/top3_recall": 0.9122807017543859
}