{
  "eval/brier": 0.6547456640203706,
  "eval/format_valid_rate": 1.0,
  "eval/log_loss": 1.234645747984791,
  "eval/target_prob": 0.3537953449360453,
  "eval/top1_accuracy": 0.39473684210526316,
  "eval/top3_recall": 0.868421052631579
}