{
  "eval/brier": 0.4053683786959122,
  "eval/format_valid_rate": 1.0,
  "eval/log_loss": 0.5940455848211416,
  "eval/target_prob": 0.5682844836642504,
  "eval/top1_accuracy": 0.6842105263157895,
  "eval/top3_recall": 1.0
}