{
  "eval/brier": 0.598323905746971,
  "eval/format_valid_rate": 1.0,
  "eval/log_loss": 1.1201845712493486,
  "eval/target_prob": 0.37022087090235556,
  "eval/top1_accuracy": 0.47368421052631576,
  "eval/top3_recall": 0.9122807017543859
}