{
  "eval/brier": 0.6854051606532562,
  "eval/format_valid_rate": 1.0,
  "eval/log_loss": 1.2792740547216697,
  "eval/target_prob": 0.33151604109876287,
  "eval/top1_accuracy": 0.3684210526315789,
  "eval/top3_recall": 0.868421052631579
}