{
  "eval/brier": 0.5992150082830766,
  "eval/format_valid_rate": 1.0,
  "eval/log_loss": 1.1259796006246103,
  "eval/target_prob": 0.36759977633326346,
  "eval/top1_accuracy": 0.5614035087719298,
  "eval/top3_recall": 0.9298245614035088
}