{
  "eval/brier": 0.5862745286415671,
  "eval/format_valid_rate": 1.0,
  "eval/log_loss": 1.0993935677199211,
  "eval/target_prob": 0.3796568113510869,
  "eval/top1_accuracy": 0.5614035087719298,
  "eval/top3_recall": 0.9298245614035088
}