{
  "eval/brier": 0.664631680867221,
  "eval/format_valid_rate": 1.0,
  "eval/log_loss": 1.2409619955755122,
  "eval/target_prob": 0.3273222897882156,
  "eval/top1_accuracy": 0.42105263157894735,
  "eval/top3_recall": 0.868421052631579
}