{
  "eval/brier": 0.7051454024722461,
  "eval/format_valid_rate": 1.0,
  "eval/log_loss": 1.303354747200723,
  "eval/target_prob": 0.3099019702270381,
  "eval/top1_accuracy": 0.34210526315789475,
  "eval/top3_recall": 0.8947368421052632
}