{
  "eval/brier": 0.5855589551856578,
  "eval/format_valid_rate": 1.0,
  "eval/log_loss": 0.980437730892647,
  "eval/target_prob": 0.3966521488167078,
  "eval/top1_accuracy": 0.5526315789473685,
  "eval/top3_recall": 1.0
}