{
  "eval/brier": 0.6111000883583859,
  "eval/format_valid_rate": 1.0,
  "eval/log_loss": 1.1524458975406109,
  "eval/target_prob": 0.3682987348850213,
  "eval/top1_accuracy": 0.543859649122807,
  "eval/top3_recall": 0.9122807017543859
}