{
  "eval/brier": 0.6603512559115604,
  "eval/format_valid_rate": 1.0,
  "eval/log_loss": 1.2279911312605634,
  "eval/target_prob": 0.32784650870203397,
  "eval/top1_accuracy": 0.4473684210526316,
  "eval/top3_recall": 0.9210526315789473
}