{
  "eval/brier": 0.6177499410340743,
  "eval/format_valid_rate": 1.0,
  "eval/log_loss": 1.162459356698307,
  "eval/target_prob": 0.36812399524708184,
  "eval/top1_accuracy": 0.543859649122807,
  "eval/top3_recall": 0.9298245614035088
}