{
  "eval/brier": 0.6529519720795298,
  "eval/format_valid_rate": 1.0,
  "eval/log_loss": 1.205914935923194,
  "eval/target_prob": 0.3576396169707136,
  "eval/top1_accuracy": 0.5087719298245614,
  "eval/top3_recall": 0.8947368421052632
}