{
  "eval/brier": 0.6481971046407785,
  "eval/format_valid_rate": 1.0,
  "eval/log_loss": 1.2074788877741276,
  "eval/target_prob": 0.34147620046131266,
  "eval/top1_accuracy": 0.4473684210526316,
  "eval/top3_recall": 0.868421052631579
}