{
  "eval/brier": 0.777484964960032,
  "eval/format_valid_rate": 1.0,
  "eval/log_loss": 1.826787535080797,
  "eval/target_prob": 0.22606342760957782,
  "eval/top1_accuracy": 0.34210526315789475,
  "eval/top3_recall": 0.6842105263157895
}