{
  "eval/brier": 0.4031352150201122,
  "eval/format_valid_rate": 1.0,
  "eval/log_loss": 0.5918056202276175,
  "eval/target_prob": 0.5695976468116398,
  "eval/top1_accuracy": 0.6842105263157895,
  "eval/top3_recall": 1.0
}