{
  "eval/brier": 0.680082462640487,
  "eval/format_valid_rate": 1.0,
  "eval/log_loss": 1.26234327713466,
  "eval/target_prob": 0.3298164196607448,
  "eval/top1_accuracy": 0.34210526315789475,
  "eval/top3_recall": 0.8947368421052632
}