{
  "eval/brier": 0.6001708549878211,
  "eval/format_valid_rate": 1.0,
  "eval/log_loss": 1.1303490590363172,
  "eval/target_prob": 0.37039561054029496,
  "eval/top1_accuracy": 0.5087719298245614,
  "eval/top3_recall": 0.9122807017543859
}