{
  "eval/brier": 0.6317117077228238,
  "eval/format_valid_rate": 1.0,
  "eval/log_loss": 1.1631015476481479,
  "eval/target_prob": 0.37860837352345006,
  "eval/top1_accuracy": 0.5263157894736842,
  "eval/top3_recall": 0.8947368421052632
}