{
  "eval/brier": 0.3987758279008744,
  "eval/format_valid_rate": 1.0,
  "eval/log_loss": 0.5873821891120269,
  "eval/target_prob": 0.5716987078474629,
  "eval/top1_accuracy": 0.6842105263157895,
  "eval/top3_recall": 1.0
}