{
  "eval/brier": 0.6763656553047381,
  "eval/format_valid_rate": 1.0,
  "eval/log_loss": 1.2608599918836791,
  "eval/target_prob": 0.33265534353812815,
  "eval/top1_accuracy": 0.42105263157894735,
  "eval/top3_recall": 0.8947368421052632
}