{
  "eval/brier": 0.7492231397634908,
  "eval/format_valid_rate": 1.0,
  "eval/log_loss": 1.569795781180456,
  "eval/target_prob": 0.2487182170137072,
  "eval/top1_accuracy": 0.42105263157894735,
  "eval/top3_recall": 0.7368421052631579
}