{
  "eval/brier": 0.6634976136552553,
  "eval/format_valid_rate": 1.0,
  "eval/log_loss": 1.2333150570585418,
  "eval/target_prob": 0.3281086181589432,
  "eval/top1_accuracy": 0.3684210526315789,
  "eval/top3_recall": 0.868421052631579
}