{
  "eval/brier": 0.7647757371631434,
  "eval/format_valid_rate": 1.0,
  "eval/log_loss": 1.8978475082490023,
  "eval/target_prob": 0.22239421221943514,
  "eval/top1_accuracy": 0.34210526315789475,
  "eval/top3_recall": 0.6842105263157895
}