{
  "eval/brier": 0.6062702081866147,
  "eval/format_valid_rate": 1.0,
  "eval/log_loss": 1.144320359011088,
  "eval/target_prob": 0.3734535542042357,
  "eval/top1_accuracy": 0.5614035087719298,
  "eval/top3_recall": 0.9298245614035088
}