{
  "eval/brier": 0.5930350729604126,
  "eval/format_valid_rate": 1.0,
  "eval/log_loss": 1.1137652359994166,
  "eval/target_prob": 0.3756377996784791,
  "eval/top1_accuracy": 0.5614035087719298,
  "eval/top3_recall": 0.9298245614035088
}