{
  "eval/brier": 0.7791981711056742,
  "eval/format_valid_rate": 1.0,
  "eval/log_loss": 1.7769658968123565,
  "eval/target_prob": 0.23073308270676696,
  "eval/top1_accuracy": 0.34210526315789475,
  "eval/top3_recall": 0.6842105263157895
}