{
  "eval/brier": 0.6827339415665081,
  "eval/format_valid_rate": 1.0,
  "eval/log_loss": 1.2714152845393996,
  "eval/target_prob": 0.3194590060809394,
  "eval/top1_accuracy": 0.4473684210526316,
  "eval/top3_recall": 0.8421052631578947
}