{
  "eval/brier": 0.6356336031424732,
  "eval/format_valid_rate": 1.0,
  "eval/log_loss": 1.184514975134416,
  "eval/target_prob": 0.34619417068567837,
  "eval/top1_accuracy": 0.5263157894736842,
  "eval/top3_recall": 0.8947368421052632
}