{
  "eval/brier": 0.6377543233360317,
  "eval/format_valid_rate": 1.0,
  "eval/log_loss": 1.1878004812212228,
  "eval/target_prob": 0.3304978000458824,
  "eval/top1_accuracy": 0.5087719298245614,
  "eval/top3_recall": 0.8596491228070176
}