{
  "eval/brier": 0.7065795531598693,
  "eval/format_valid_rate": 1.0,
  "eval/log_loss": 1.3156923315116682,
  "eval/target_prob": 0.3074012212487755,
  "eval/top1_accuracy": 0.34210526315789475,
  "eval/top3_recall": 0.8421052631578947
}