{
  "eval/brier": 0.6841812870138237,
  "eval/format_valid_rate": 1.0,
  "eval/log_loss": 1.2636593073832176,
  "eval/target_prob": 0.3199832249947578,
  "eval/top1_accuracy": 0.42105263157894735,
  "eval/top3_recall": 0.868421052631579
}