{
  "eval/brier": 0.6585499060582999,
  "eval/format_valid_rate": 1.0,
  "eval/log_loss": 1.227853361649565,
  "eval/target_prob": 0.32915705598657996,
  "eval/top1_accuracy": 0.42105263157894735,
  "eval/top3_recall": 0.8421052631578947
}