{
  "eval/brier": 0.7664422401977218,
  "eval/format_valid_rate": 1.0,
  "eval/log_loss": 1.8808683961887682,
  "eval/target_prob": 0.22032504898831584,
  "eval/top1_accuracy": 0.34210526315789475,
  "eval/top3_recall": 0.6842105263157895
}