{
  "eval/brier": 0.6753144686926441,
  "eval/format_valid_rate": 1.0,
  "eval/log_loss": 1.2478369800371165,
  "eval/target_prob": 0.30941147689941984,
  "eval/top1_accuracy": 0.47368421052631576,
  "eval/top3_recall": 0.8947368421052632
}