{
  "eval/brier": 0.6760287430692412,
  "eval/format_valid_rate": 1.0,
  "eval/log_loss": 1.2512505054393381,
  "eval/target_prob": 0.322866429020759,
  "eval/top1_accuracy": 0.42105263157894735,
  "eval/top3_recall": 0.8421052631578947
}