{
  "eval/brier": 0.6673258736912281,
  "eval/format_valid_rate": 1.0,
  "eval/log_loss": 1.2367147774521543,
  "eval/target_prob": 0.31945900608093947,
  "eval/top1_accuracy": 0.5,
  "eval/top3_recall": 0.8947368421052632
}