{
  "eval/brier": 0.6520775777159762,
  "eval/format_valid_rate": 1.0,
  "eval/log_loss": 1.2127768920266802,
  "eval/target_prob": 0.338068777521493,
  "eval/top1_accuracy": 0.4473684210526316,
  "eval/top3_recall": 0.8947368421052632
}