{
  "eval/brier": 0.6906160219679054,
  "eval/format_valid_rate": 1.0,
  "eval/log_loss": 1.2702503941845829,
  "eval/target_prob": 0.30399454812329624,
  "eval/top1_accuracy": 0.3684210526315789,
  "eval/top3_recall": 0.9210526315789473
}