{
  "eval/brier": 0.674389108346368,
  "eval/format_valid_rate": 1.0,
  "eval/log_loss": 1.2599089291500665,
  "eval/target_prob": 0.3320534105032159,
  "eval/top1_accuracy": 0.42105263157894735,
  "eval/top3_recall": 0.868421052631579
}