{
  "eval/brier": 0.6542151795418452,
  "eval/format_valid_rate": 1.0,
  "eval/log_loss": 1.2284587450654532,
  "eval/target_prob": 0.3312539316418536,
  "eval/top1_accuracy": 0.5,
  "eval/top3_recall": 0.8421052631578947
}