{
  "eval/brier": 0.6566751098631962,
  "eval/format_valid_rate": 1.0,
  "eval/log_loss": 1.2110391667486846,
  "eval/target_prob": 0.35169846928077164,
  "eval/top1_accuracy": 0.47368421052631576,
  "eval/top3_recall": 0.8947368421052632
}