{
  "eval/brier": 0.6697520395805469,
  "eval/format_valid_rate": 1.0,
  "eval/log_loss": 1.234816445791555,
  "eval/target_prob": 0.34698049905640593,
  "eval/top1_accuracy": 0.47368421052631576,
  "eval/top3_recall": 0.8947368421052632
}