{
  "eval/brier": 0.6959271323178665,
  "eval/format_valid_rate": 1.0,
  "eval/log_loss": 1.2935390898843266,
  "eval/target_prob": 0.31107150345984486,
  "eval/top1_accuracy": 0.3684210526315789,
  "eval/top3_recall": 0.8421052631578947
}