{
  "eval/brier": 0.766909071603295,
  "eval/format_valid_rate": 1.0,
  "eval/log_loss": 1.8699141984133234,
  "eval/target_prob": 0.21206440003285132,
  "eval/top1_accuracy": 0.42105263157894735,
  "eval/top3_recall": 0.7368421052631579
}