{
  "eval/brier": 0.6295655115539847,
  "eval/format_valid_rate": 1.0,
  "eval/log_loss": 1.1913565534308417,
  "eval/target_prob": 0.3554967961830425,
  "eval/top1_accuracy": 0.47368421052631576,
  "eval/top3_recall": 0.9122807017543859
}