{
  "eval/brier": 0.6400637054772452,
  "eval/format_valid_rate": 1.0,
  "eval/log_loss": 1.1801858068361333,
  "eval/target_prob": 0.37144404836793177,
  "eval/top1_accuracy": 0.5263157894736842,
  "eval/top3_recall": 0.8947368421052632
}