{
  "eval/brier": 0.6648774302385063,
  "eval/format_valid_rate": 1.0,
  "eval/log_loss": 1.2395643509261838,
  "eval/target_prob": 0.34890263507374014,
  "eval/top1_accuracy": 0.45614035087719296,
  "eval/top3_recall": 0.8596491228070176
}