{
  "eval/brier": 0.6069488036530748,
  "eval/format_valid_rate": 1.0,
  "eval/log_loss": 1.1455839384736128,
  "eval/target_prob": 0.3724924861955686,
  "eval/top1_accuracy": 0.5087719298245614,
  "eval/top3_recall": 0.9122807017543859
}