{
  "eval/brier": 0.6883165597204389,
  "eval/format_valid_rate": 1.0,
  "eval/log_loss": 1.2791825072088265,
  "eval/target_prob": 0.31211994128748166,
  "eval/top1_accuracy": 0.39473684210526316,
  "eval/top3_recall": 0.868421052631579
}