{
  "eval/brier": 0.6963751004304504,
  "eval/format_valid_rate": 1.0,
  "eval/log_loss": 1.3009423660739363,
  "eval/target_prob": 0.32380030038214314,
  "eval/top1_accuracy": 0.34210526315789475,
  "eval/top3_recall": 0.8157894736842105
}