{
  "eval/brier": 0.6500746855313073,
  "eval/format_valid_rate": 1.0,
  "eval/log_loss": 1.2019055865773982,
  "eval/target_prob": 0.35833857552247156,
  "eval/top1_accuracy": 0.5087719298245614,
  "eval/top3_recall": 0.8771929824561403
}