{
  "eval/brier": 0.654926321136089,
  "eval/format_valid_rate": 1.0,
  "eval/log_loss": 1.2113825002385044,
  "eval/target_prob": 0.3553680016775005,
  "eval/top1_accuracy": 0.5263157894736842,
  "eval/top3_recall": 0.8947368421052632
}