{
  "eval/brier": 0.6818079433158539,
  "eval/format_valid_rate": 1.0,
  "eval/log_loss": 1.273331477845432,
  "eval/target_prob": 0.3296812749003984,
  "eval/top1_accuracy": 0.39473684210526316,
  "eval/top3_recall": 0.8157894736842105
}