{
  "eval/brier": 0.39959150928104925,
  "eval/format_valid_rate": 1.0,
  "eval/log_loss": 0.5882485433296019,
  "eval/target_prob": 0.5709108099590293,
  "eval/top1_accuracy": 0.6842105263157895,
  "eval/top3_recall": 1.0
}