{
  "eval/brier": 0.7414190812721264,
  "eval/format_valid_rate": 1.0,
  "eval/log_loss": 2.119774838298365,
  "eval/target_prob": 0.20095943490003587,
  "eval/top1_accuracy": 0.42105263157894735,
  "eval/top3_recall": 0.7105263157894737
}