{
  "eval/brier": 0.6781370042205549,
  "eval/format_valid_rate": 1.0,
  "eval/log_loss": 1.2612819152306731,
  "eval/target_prob": 0.3299077062138825,
  "eval/top1_accuracy": 0.42105263157894735,
  "eval/top3_recall": 0.8947368421052632
}