{
  "eval/brier": 0.6532060755370911,
  "eval/format_valid_rate": 1.0,
  "eval/log_loss": 1.2063003579357983,
  "eval/target_prob": 0.35851331516041096,
  "eval/top1_accuracy": 0.5087719298245614,
  "eval/top3_recall": 0.8947368421052632
}