{
  "eval/brier": 0.6644614663593478,
  "eval/format_valid_rate": 1.0,
  "eval/log_loss": 1.2249796785609972,
  "eval/target_prob": 0.31788634933948423,
  "eval/top1_accuracy": 0.5,
  "eval/top3_recall": 0.9210526315789473
}