{
  "eval/brier": 0.6574311546711733,
  "eval/format_valid_rate": 1.0,
  "eval/log_loss": 1.2145834003173206,
  "eval/target_prob": 0.3537953449360453,
  "eval/top1_accuracy": 0.5087719298245614,
  "eval/top3_recall": 0.8947368421052632
}