{
  "eval/brier": 0.6180583460524298,
  "eval/format_valid_rate": 1.0,
  "eval/log_loss": 1.1573058866034633,
  "eval/target_prob": 0.3682987348850213,
  "eval/top1_accuracy": 0.5087719298245614,
  "eval/top3_recall": 0.9473684210526315
}