{
  "eval/brier": 0.6584569668484794,
  "eval/format_valid_rate": 1.0,
  "eval/log_loss": 1.2237084872379538,
  "eval/target_prob": 0.3349234640385826,
  "eval/top1_accuracy": 0.4473684210526316,
  "eval/top3_recall": 0.868421052631579
}