{
  "eval/brier": 0.6715070938723612,
  "eval/format_valid_rate": 1.0,
  "eval/log_loss": 1.242496298615434,
  "eval/target_prob": 0.3490773747116796,
  "eval/top1_accuracy": 0.47368421052631576,
  "eval/top3_recall": 0.8771929824561403
}