{
  "eval/brier": 0.6274392887665109,
  "eval/format_valid_rate": 1.0,
  "eval/log_loss": 1.1717233605246689,
  "eval/target_prob": 0.3648039421262319,
  "eval/top1_accuracy": 0.5263157894736842,
  "eval/top3_recall": 0.868421052631579
}