{
  "eval/brier": 0.7806327274996256,
  "eval/format_valid_rate": 1.0,
  "eval/log_loss": 2.0629946002468715,
  "eval/target_prob": 0.20811205498955965,
  "eval/top1_accuracy": 0.34210526315789475,
  "eval/top3_recall": 0.631578947368421
}