{
  "eval/brier": 0.6573145455502378,
  "eval/format_valid_rate": 1.0,
  "eval/log_loss": 1.2260199647540666,
  "eval/target_prob": 0.33806877752149306,
  "eval/top1_accuracy": 0.39473684210526316,
  "eval/top3_recall": 0.868421052631579
}