{
  "eval/brier": 0.5931374105172934,
  "eval/format_valid_rate": 1.0,
  "eval/log_loss": 1.1123117335404775,
  "eval/target_prob": 0.3780841546096317,
  "eval/top1_accuracy": 0.5263157894736842,
  "eval/top3_recall": 0.9298245614035088
}