{
  "eval/brier": 0.5891060616753926,
  "eval/format_valid_rate": 1.0,
  "eval/log_loss": 0.9863458786177838,
  "eval/target_prob": 0.3992758566406045,
  "eval/top1_accuracy": 0.5526315789473685,
  "eval/top3_recall": 1.0
}