{
  "eval/brier": 1.1677878829926254,
  "eval/format_valid_rate": 0.5263157894736842,
  "eval/log_loss": 6.887800695704658,
  "eval/target_prob": 0.31254238330598333,
  "eval/top1_accuracy": 0.34210526315789475,
  "eval/top3_recall": 0.5263157894736842
}