{
  "eval/brier": 0.668190521620793,
  "eval/format_valid_rate": 1.0,
  "eval/log_loss": 1.2375609912142567,
  "eval/target_prob": 0.35117425036695327,
  "eval/top1_accuracy": 0.47368421052631576,
  "eval/top3_recall": 0.8771929824561403
}