{
  "eval/brier": 0.8044894736842106,
  "eval/format_valid_rate": 1.0,
  "eval/log_loss": 5.200238784790272,
  "eval/target_prob": 0.34368421052631587,
  "eval/top1_accuracy": 0.4473684210526316,
  "eval/top3_recall": 0.6578947368421053
}