{
  "eval/brier": 0.652031630241458,
  "eval/format_valid_rate": 1.0,
  "eval/log_loss": 1.2033126545702706,
  "eval/target_prob": 0.3578143566086531,
  "eval/top1_accuracy": 0.49122807017543857,
  "eval/top3_recall": 0.8947368421052632
}