{
  "eval/brier": 0.6316358507731961,
  "eval/format_valid_rate": 1.0,
  "eval/log_loss": 1.191246722647573,
  "eval/target_prob": 0.34928639800087224,
  "eval/top1_accuracy": 0.5087719298245614,
  "eval/top3_recall": 0.9122807017543859
}