{
  "eval/brier": 0.7444934528345795,
  "eval/format_valid_rate": 1.0,
  "eval/log_loss": 2.3105771931448307,
  "eval/target_prob": 0.2273921244846001,
  "eval/top1_accuracy": 0.42105263157894735,
  "eval/top3_recall": 0.7105263157894737
}