{
  "eval/brier": 0.8659769950741523,
  "eval/format_valid_rate": 1.0,
  "eval/log_loss": 1.4655230362994172,
  "eval/target_prob": 0.25332005312084993,
  "eval/top1_accuracy": 0.3333333333333333,
  "eval/top3_recall": 1.0
}