{
  "eval/brier": 0.5900255133794869,
  "eval/format_valid_rate": 1.0,
  "eval/log_loss": 1.1055030849647143,
  "eval/target_prob": 0.38769483469630256,
  "eval/top1_accuracy": 0.5789473684210527,
  "eval/top3_recall": 0.9122807017543859
}