{
  "eval/brier": 0.6598625418644148,
  "eval/format_valid_rate": 1.0,
  "eval/log_loss": 1.2245924096810092,
  "eval/target_prob": 0.336758230236947,
  "eval/top1_accuracy": 0.4473684210526316,
  "eval/top3_recall": 0.8947368421052632
}