{
  "eval/brier": 0.6494641410593037,
  "eval/format_valid_rate": 1.0,
  "eval/log_loss": 1.198788073086621,
  "eval/target_prob": 0.36462920248829245,
  "eval/top1_accuracy": 0.5263157894736842,
  "eval/top3_recall": 0.8596491228070176
}