{
  "eval/brier": 0.6276083854225224,
  "eval/format_valid_rate": 1.0,
  "eval/log_loss": 1.0463602299688857,
  "eval/target_prob": 0.37618722779031327,
  "eval/top1_accuracy": 0.5789473684210527,
  "eval/top3_recall": 1.0
}