{
  "eval/brier": 0.6043014285209063,
  "eval/format_valid_rate": 1.0,
  "eval/log_loss": 1.1436684167022175,
  "eval/target_prob": 0.3741525127559936,
  "eval/top1_accuracy": 0.5614035087719298,
  "eval/top3_recall": 0.9298245614035088
}