{
  "eval/brier": 0.6247646669122441,
  "eval/format_valid_rate": 1.0,
  "eval/log_loss": 1.1831182325455545,
  "eval/target_prob": 0.35932185969401625,
  "eval/top1_accuracy": 0.47368421052631576,
  "eval/top3_recall": 0.9122807017543859
}