{
  "eval/brier": 0.6998713053009185,
  "eval/format_valid_rate": 1.0,
  "eval/log_loss": 1.300572097468246,
  "eval/target_prob": 0.3081882994338436,
  "eval/top1_accuracy": 0.39473684210526316,
  "eval/top3_recall": 0.868421052631579
}