{
  "eval/brier": 0.6639842391808316,
  "eval/format_valid_rate": 1.0,
  "eval/log_loss": 1.2288125331662012,
  "eval/target_prob": 0.3504752918151953,
  "eval/top1_accuracy": 0.47368421052631576,
  "eval/top3_recall": 0.8596491228070176
}