{
  "eval/brier": 0.615059229079349,
  "eval/format_valid_rate": 1.0,
  "eval/log_loss": 1.1563888698764064,
  "eval/target_prob": 0.36462920248829245,
  "eval/top1_accuracy": 0.5614035087719298,
  "eval/top3_recall": 0.9122807017543859
}