{
  "eval/brier": 0.64227614599267,
  "eval/format_valid_rate": 1.0,
  "eval/log_loss": 1.183894890378286,
  "eval/target_prob": 0.3707450898161739,
  "eval/top1_accuracy": 0.5263157894736842,
  "eval/top3_recall": 0.8947368421052632
}