{
  "eval/brier": 0.6835108715901752,
  "eval/format_valid_rate": 1.0,
  "eval/log_loss": 1.255723620800222,
  "eval/target_prob": 0.3110715034598448,
  "eval/top1_accuracy": 0.47368421052631576,
  "eval/top3_recall": 0.9210526315789473
}