{
  "eval/brier": 0.645627526937055,
  "eval/format_valid_rate": 1.0,
  "eval/log_loss": 1.2012747819911591,
  "eval/target_prob": 0.32671070105542743,
  "eval/top1_accuracy": 0.5614035087719298,
  "eval/top3_recall": 0.8947368421052632
}