{
  "eval/brier": 0.6000274431734167,
  "eval/format_valid_rate": 1.0,
  "eval/log_loss": 1.1366580952131233,
  "eval/target_prob": 0.3770357167819948,
  "eval/top1_accuracy": 0.543859649122807,
  "eval/top3_recall": 0.9298245614035088
}