{
  "eval/brier": 0.6948035077137458,
  "eval/format_valid_rate": 1.0,
  "eval/log_loss": 1.2921295173218301,
  "eval/target_prob": 0.3105472845460264,
  "eval/top1_accuracy": 0.42105263157894735,
  "eval/top3_recall": 0.8421052631578947
}