{
  "eval/brier": 0.43557375216999555,
  "eval/format_valid_rate": 1.0,
  "eval/log_loss": 0.6266826910764117,
  "eval/target_prob": 0.5525265258955773,
  "eval/top1_accuracy": 0.6842105263157895,
  "eval/top3_recall": 1.0
}