{
  "eval/brier": 0.6998861860170975,
  "eval/format_valid_rate": 1.0,
  "eval/log_loss": 1.2951553709795711,
  "eval/target_prob": 0.31107150345984486,
  "eval/top1_accuracy": 0.3157894736842105,
  "eval/top3_recall": 0.8947368421052632
}