{
  "eval/brier": 0.6798244400113598,
  "eval/format_valid_rate": 1.0,
  "eval/log_loss": 1.3338502109033057,
  "eval/target_prob": 0.32767220486126514,
  "eval/top1_accuracy": 0.5263157894736842,
  "eval/top3_recall": 0.7894736842105263
}