{
  "eval/brier": 0.6151622628100863,
  "eval/format_valid_rate": 1.0,
  "eval/log_loss": 1.1550426572508676,
  "eval/target_prob": 0.3691724330747186,
  "eval/top1_accuracy": 0.5614035087719298,
  "eval/top3_recall": 0.9122807017543859
}