{
  "eval/brier": 0.6780256443210101,
  "eval/format_valid_rate": 1.0,
  "eval/log_loss": 1.272533202742658,
  "eval/target_prob": 0.33247222533687043,
  "eval/top1_accuracy": 0.4473684210526316,
  "eval/top3_recall": 0.8157894736842105
}