{
  "eval/brier": 0.6701780979806223,
  "eval/format_valid_rate": 1.0,
  "eval/log_loss": 1.2349794678331558,
  "eval/target_prob": 0.34680575941846653,
  "eval/top1_accuracy": 0.47368421052631576,
  "eval/top3_recall": 0.8947368421052632
}