{
  "eval/brier": 0.6425936012711577,
  "eval/format_valid_rate": 1.0,
  "eval/log_loss": 1.1868597358698465,
  "eval/target_prob": 0.3702208709023555,
  "eval/top1_accuracy": 0.5263157894736842,
  "eval/top3_recall": 0.8771929824561403
}