{
  "eval/brier": 0.6843306163060067,
  "eval/format_valid_rate": 1.0,
  "eval/log_loss": 1.2807576581855173,
  "eval/target_prob": 0.32024533445166703,
  "eval/top1_accuracy": 0.39473684210526316,
  "eval/top3_recall": 0.8421052631578947
}