{
  "eval/brier": 0.6823261577301615,
  "eval/format_valid_rate": 1.0,
  "eval/log_loss": 1.2550311166570642,
  "eval/target_prob": 0.30740197106311595,
  "eval/top1_accuracy": 0.47368421052631576,
  "eval/top3_recall": 0.9473684210526315
}