{
  "eval/brier": 0.5937145386441931,
  "eval/format_valid_rate": 1.0,
  "eval/log_loss": 1.1142091169636588,
  "eval/target_prob": 0.3759872789543581,
  "eval/top1_accuracy": 0.5789473684210527,
  "eval/top3_recall": 0.9298245614035088
}