{
  "eval/brier": 1.273727589119304,
  "eval/format_valid_rate": 0.5,
  "eval/log_loss": 7.413023516649055,
  "eval/target_prob": 0.19445900608093938,
  "eval/top1_accuracy": 0.3157894736842105,
  "eval/top3_recall": 0.5
}