{
  "eval/brier": 0.3968341287799441,
  "eval/format_valid_rate": 1.0,
  "eval/log_loss": 0.5854817338142811,
  "eval/target_prob": 0.5722239731064187,
  "eval/top1_accuracy": 0.6842105263157895,
  "eval/top3_recall": 1.0
}