{
  "eval/brier": 0.6804718116420875,
  "eval/format_valid_rate": 1.0,
  "eval/log_loss": 1.2548456712799279,
  "eval/target_prob": 0.31094044873139026,
  "eval/top1_accuracy": 0.39473684210526316,
  "eval/top3_recall": 0.9210526315789473
}