{
  "eval/brier": 0.4051796606388022,
  "eval/format_valid_rate": 1.0,
  "eval/log_loss": 0.5980184724918954,
  "eval/target_prob": 0.5499001996007985,
  "eval/top1_accuracy": 1.0,
  "eval/top3_recall": 1.0
}