{
  "eval/brier": 0.8905694930830289,
  "eval/format_valid_rate": 1.0,
  "eval/log_loss": 1.149195627128558,
  "eval/target_prob": 0.35029940119760483,
  "eval/top1_accuracy": 0.3333333333333333,
  "eval/top3_recall": 1.0
}