{
  "eval/brier": 0.6811581520426995,
  "eval/format_valid_rate": 1.0,
  "eval/log_loss": 1.2615138910061816,
  "eval/target_prob": 0.3173621304256658,
  "eval/top1_accuracy": 0.42105263157894735,
  "eval/top3_recall": 0.8947368421052632
}