{
  "eval/brier": 0.6922074754034817,
  "eval/format_valid_rate": 1.0,
  "eval/log_loss": 1.287275964390026,
  "eval/target_prob": 0.3139547074858462,
  "eval/top1_accuracy": 0.39473684210526316,
  "eval/top3_recall": 0.8421052631578947
}