{
  "eval/brier": 0.6679639170305569,
  "eval/format_valid_rate": 1.0,
  "eval/log_loss": 1.2320655911894685,
  "eval/target_prob": 0.31736213042566574,
  "eval/top1_accuracy": 0.5,
  "eval/top3_recall": 0.9473684210526315
}