{
  "eval/brier": 0.6694196165641482,
  "eval/format_valid_rate": 1.0,
  "eval/log_loss": 1.2434648515025006,
  "eval/target_prob": 0.3338750262109458,
  "eval/top1_accuracy": 0.42105263157894735,
  "eval/top3_recall": 0.8947368421052632
}