{
  "eval/brier": 0.6301125963748277,
  "eval/format_valid_rate": 1.0,
  "eval/log_loss": 1.1723060120516349,
  "eval/target_prob": 0.36218284755713975,
  "eval/top1_accuracy": 0.5263157894736842,
  "eval/top3_recall": 0.8947368421052632
}