{
  "eval/brier": 0.6006191909512993,
  "eval/format_valid_rate": 1.0,
  "eval/log_loss": 1.120437896449864,
  "eval/target_prob": 0.402372964283218,
  "eval/top1_accuracy": 0.5614035087719298,
  "eval/top3_recall": 0.9298245614035088
}