{
  "eval/log_loss": 1.1787727350750514,
  "eval/brier": 0.6448398062186148,
  "eval/top1_accuracy": 0.42105263157894735,
  "eval/top3_recall": 0.9736842105263158
}