{
  "eval/brier": 0.602422977413057,
  "eval/format_valid_rate": 1.0,
  "eval/log_loss": 1.1346723414029198,
  "eval/target_prob": 0.3756377996784791,
  "eval/top1_accuracy": 0.5964912280701754,
  "eval/top3_recall": 0.9298245614035088
}