{
  "eval/brier": 0.6924472834438384,
  "eval/format_valid_rate": 1.0,
  "eval/log_loss": 1.4622607893997246,
  "eval/target_prob": 0.3119354051131806,
  "eval/top1_accuracy": 0.42105263157894735,
  "eval/top3_recall": 0.7719298245614035
}