{
  "eval/brier": 0.4342107884242022,
  "eval/format_valid_rate": 1.0,
  "eval/log_loss": 0.6253169354608776,
  "eval/target_prob": 0.5538396890429668,
  "eval/top1_accuracy": 0.6842105263157895,
  "eval/top3_recall": 1.0
}