{
  "heuristic": {
    "anchor": {
      "eval/log_loss": 2.8116223049172855,
      "eval/brier": 0.8051383085036558,
      "eval/top1_accuracy": 0.34210526315789475,
      "eval/top3_recall": 0.6578947368421053,
      "eval/format_valid_rate": 1.0
    },
    "research": {
      "eval/log_loss": 2.3448791609777544,
      "eval/brier": 0.8350390758546171,
      "eval/top1_accuracy": 0.4473684210526316,
      "eval/top3_recall": 0.7368421052631579,
      "eval/format_valid_rate": 1.0
    }
  },
  "llm_baseline": {
    "model": "meta-llama/Llama-3.2-3B-Instruct",
    "anchor": {
      "eval/log_loss": 13.815510557964274,
      "eval/brier": 2.0,
      "eval/top1_accuracy": 0.0,
      "eval/top3_recall": 0.0,
      "eval/format_valid_rate": 0.0
    },
    "research": {
      "eval/log_loss": 13.815510557964274,
      "eval/brier": 2.0,
      "eval/top1_accuracy": 0.0,
      "eval/top3_recall": 0.0,
      "eval/format_valid_rate": 0.0
    }
  }
}