{
  "eval/brier": 0.6803039467209795,
  "eval/format_valid_rate": 1.0,
  "eval/log_loss": 1.26115435239911,
  "eval/target_prob": 0.3197211155378486,
  "eval/top1_accuracy": 0.4473684210526316,
  "eval/top3_recall": 0.8421052631578947
}