{
  "eval/brier": 0.795379253951647,
  "eval/format_valid_rate": 1.0,
  "eval/log_loss": 1.5856156725129975,
  "eval/target_prob": 0.2698219262432103,
  "eval/top1_accuracy": 0.34210526315789475,
  "eval/top3_recall": 0.6578947368421053
}