{
  "eval/brier": 0.5967751159052372,
  "eval/format_valid_rate": 1.0,
  "eval/log_loss": 1.124338890380952,
  "eval/target_prob": 0.3670910494902996,
  "eval/top1_accuracy": 0.5964912280701754,
  "eval/top3_recall": 0.8771929824561403
}