{
  "eval/brier": 0.6678737625161617,
  "eval/format_valid_rate": 1.0,
  "eval/log_loss": 1.2419643241571356,
  "eval/target_prob": 0.3441846648493744,
  "eval/top1_accuracy": 0.47368421052631576,
  "eval/top3_recall": 0.8771929824561403
}