{
  "eval/brier": 0.6430541202771217,
  "eval/format_valid_rate": 1.0,
  "eval/log_loss": 1.1974765578237416,
  "eval/target_prob": 0.3454078423149507,
  "eval/top1_accuracy": 0.5,
  "eval/top3_recall": 0.8947368421052632
}