{
  "eval/brier": 0.4371464026459111,
  "eval/format_valid_rate": 1.0,
  "eval/log_loss": 0.6282632258418018,
  "eval/target_prob": 0.5525265258955773,
  "eval/top1_accuracy": 0.6842105263157895,
  "eval/top3_recall": 1.0
}