{
  "eval/brier": 0.5981025224606572,
  "eval/format_valid_rate": 1.0,
  "eval/log_loss": 1.1216854124962548,
  "eval/target_prob": 0.3735409240232055,
  "eval/top1_accuracy": 0.49122807017543857,
  "eval/top3_recall": 0.9298245614035088
}