{
  "eval/brier": 0.6274330232018038,
  "eval/format_valid_rate": 1.0,
  "eval/log_loss": 1.1709199926533156,
  "eval/target_prob": 0.3642797232124135,
  "eval/top1_accuracy": 0.5263157894736842,
  "eval/top3_recall": 0.8947368421052632
}