{
  "eval/brier": 0.6541723648496808,
  "eval/format_valid_rate": 1.0,
  "eval/log_loss": 1.2182196649962325,
  "eval/target_prob": 0.3385929964353114,
  "eval/top1_accuracy": 0.4473684210526316,
  "eval/top3_recall": 0.868421052631579
}