{
  "eval/brier": 0.6015611141789173,
  "eval/format_valid_rate": 1.0,
  "eval/log_loss": 1.1312616748284345,
  "eval/target_prob": 0.3710945690920529,
  "eval/top1_accuracy": 0.5263157894736842,
  "eval/top3_recall": 0.9122807017543859
}