{
  "eval/brier": 0.7619003959001487,
  "eval/format_valid_rate": 1.0,
  "eval/log_loss": 1.453754633117635,
  "eval/target_prob": 0.27149297546655476,
  "eval/top1_accuracy": 0.34210526315789475,
  "eval/top3_recall": 0.6842105263157895
}