{
  "eval/brier": 0.663702288769017,
  "eval/format_valid_rate": 1.0,
  "eval/log_loss": 1.2392792431403477,
  "eval/target_prob": 0.3247011952191235,
  "eval/top1_accuracy": 0.39473684210526316,
  "eval/top3_recall": 0.868421052631579
}