{
  "eval/brier": 0.6563158841533285,
  "eval/format_valid_rate": 1.0,
  "eval/log_loss": 1.2118621079728107,
  "eval/target_prob": 0.3530963863842873,
  "eval/top1_accuracy": 0.45614035087719296,
  "eval/top3_recall": 0.8771929824561403
}