{
  "eval/brier": 0.6414630149284738,
  "eval/format_valid_rate": 1.0,
  "eval/log_loss": 1.1834300092912193,
  "eval/target_prob": 0.3731914447473265,
  "eval/top1_accuracy": 0.5263157894736842,
  "eval/top3_recall": 0.8947368421052632
}