{
  "eval/brier": 0.587923764507219,
  "eval/format_valid_rate": 1.0,
  "eval/log_loss": 1.1029510997049785,
  "eval/target_prob": 0.38367582302369474,
  "eval/top1_accuracy": 0.5789473684210527,
  "eval/top3_recall": 0.9298245614035088
}