{
  "eval/brier": 0.7675452464661648,
  "eval/format_valid_rate": 1.0,
  "eval/log_loss": 1.6340115538053737,
  "eval/target_prob": 0.2451867740922884,
  "eval/top1_accuracy": 0.3684210526315789,
  "eval/top3_recall": 0.7105263157894737
}