{
  "eval/brier": 0.6436378620556565,
  "eval/format_valid_rate": 1.0,
  "eval/log_loss": 1.1922185501405942,
  "eval/target_prob": 0.33833088697840225,
  "eval/top1_accuracy": 0.4473684210526316,
  "eval/top3_recall": 0.9210526315789473
}