{
  "eval/brier": 0.6854135147395322,
  "eval/format_valid_rate": 1.0,
  "eval/log_loss": 1.2769798379974602,
  "eval/target_prob": 0.3173621304256658,
  "eval/top1_accuracy": 0.4473684210526316,
  "eval/top3_recall": 0.8421052631578947
}