{
  "eval/brier": 0.7319338885719597,
  "eval/format_valid_rate": 1.0,
  "eval/log_loss": 2.0961399839866592,
  "eval/target_prob": 0.2747048816949328,
  "eval/top1_accuracy": 0.4473684210526316,
  "eval/top3_recall": 0.7105263157894737
}