{
  "eval/brier": 0.6683436910843736,
  "eval/format_valid_rate": 1.0,
  "eval/log_loss": 1.251419515112324,
  "eval/target_prob": 0.32394502656619756,
  "eval/top1_accuracy": 0.42105263157894735,
  "eval/top3_recall": 0.8157894736842105
}