{
  "eval/brier": 0.5948687948979924,
  "eval/format_valid_rate": 1.0,
  "eval/log_loss": 1.1143969203679573,
  "eval/target_prob": 0.3744146222129028,
  "eval/top1_accuracy": 0.543859649122807,
  "eval/top3_recall": 0.9122807017543859
}