{
  "eval/brier": 0.6454559200814691,
  "eval/format_valid_rate": 1.0,
  "eval/log_loss": 1.1973600110675209,
  "eval/target_prob": 0.33361291675403654,
  "eval/top1_accuracy": 0.4473684210526316,
  "eval/top3_recall": 0.9210526315789473
}