{
  "eval/log_loss": 1.233690739590762,
  "eval/brier": 0.6647904085064648,
  "eval/top1_accuracy": 0.39473684210526316,
  "eval/top3_recall": 0.8947368421052632
}