{
  "eval/brier": 0.5862703515984291,
  "eval/format_valid_rate": 1.0,
  "eval/log_loss": 1.0990985786475722,
  "eval/target_prob": 0.38717061578248413,
  "eval/top1_accuracy": 0.5964912280701754,
  "eval/top3_recall": 0.9122807017543859
}