{
  "eval/brier": 0.6485521533075079,
  "eval/format_valid_rate": 1.0,
  "eval/log_loss": 1.2013694763254965,
  "eval/target_prob": 0.3576396169707136,
  "eval/top1_accuracy": 0.543859649122807,
  "eval/top3_recall": 0.8947368421052632
}