{
  "eval/brier": 0.6223370305734496,
  "eval/format_valid_rate": 1.0,
  "eval/log_loss": 1.151474303198529,
  "eval/target_prob": 0.36952191235059767,
  "eval/top1_accuracy": 0.5,
  "eval/top3_recall": 0.8947368421052632
}