{
  "eval/brier": 0.6876390955364954,
  "eval/format_valid_rate": 1.0,
  "eval/log_loss": 1.2714132022418005,
  "eval/target_prob": 0.31080939400293567,
  "eval/top1_accuracy": 0.39473684210526316,
  "eval/top3_recall": 0.868421052631579
}