{
  "eval/brier": 0.5971793959271603,
  "eval/format_valid_rate": 1.0,
  "eval/log_loss": 1.1302103553859248,
  "eval/target_prob": 0.37493884112672116,
  "eval/top1_accuracy": 0.543859649122807,
  "eval/top3_recall": 0.9298245614035088
}