{
  "eval/brier": 0.6739654530863751,
  "eval/format_valid_rate": 1.0,
  "eval/log_loss": 1.258343652700673,
  "eval/target_prob": 0.33272475854601985,
  "eval/top1_accuracy": 0.42105263157894735,
  "eval/top3_recall": 0.868421052631579
}