{
  "eval/brier": 0.6763226186813728,
  "eval/format_valid_rate": 1.0,
  "eval/log_loss": 1.2460383885082167,
  "eval/target_prob": 0.3209734162764148,
  "eval/top1_accuracy": 0.42105263157894735,
  "eval/top3_recall": 0.868421052631579
}