{
  "eval/brier": 0.6630165575205295,
  "eval/format_valid_rate": 1.0,
  "eval/log_loss": 1.2239295617565,
  "eval/target_prob": 0.3513489900048927,
  "eval/top1_accuracy": 0.47368421052631576,
  "eval/top3_recall": 0.8596491228070176
}