{
  "eval/brier": 0.6024306353254767,
  "eval/format_valid_rate": 1.0,
  "eval/log_loss": 1.138247021964645,
  "eval/target_prob": 0.375987278954358,
  "eval/top1_accuracy": 0.5614035087719298,
  "eval/top3_recall": 0.9298245614035088
}