{
  "eval/log_loss": 1.1717341559207843,
  "eval/brier": 0.634839964946254,
  "eval/top1_accuracy": 0.47368421052631576,
  "eval/top3_recall": 0.9210526315789473
}